"時間","商品名","価格","店舗","JAN","カテゴリ"
"2026/4/5 17:50:47","オリズルラン","110","ダイソー","4589468040057","その他"
"2026/4/5 17:51:30","とりネコ","110","ダイソー","4589468040019","その他"
"2026/4/5 17:52:15","くす玉","110","ダイソー","","その他"
"2026/4/5 17:52:51","テープライトled 3m","330","ダイソー","","その他"
"2026/4/5 17:53:20","テープライト　5m","110","ダイソー","","その他"
"2026/4/5 17:53:48","小型ハサミ","110","ダイソー","","文具"
"2026/4/5 17:55:31","紙せっけん","110","ダイソー","","生活雑貨"
"2026/4/5 17:59:55","インクジェット紙　厚紙(白)A4 15枚","110","ダイソー","4550480296869","その他"
"2026/4/5 19:17:45","紛失防止タグ(GPS)Apple用","1,000","ダイソー","","その他"
"2026/4/5 19:18:19","ボイスコントロールライト","330","ダイソー","","その他"
"2026/4/5 19:19:45","水栽培プランター","220","ダイソー","4550480690445","その他"
"2026/4/5 19:24:12","フローリングウエットシート","110","ダイソー","4550480105338","生活雑貨"
"2026/4/5 19:25:51","御仏前ライター","110","ダイソー","4510771198838","その他"
"2026/4/5 19:27:26","LED線香","110","ダイソー","4549131434200","その他"
"2026/4/5 19:28:12","鶏ささみキューブ","110","ダイソー","4550480275581","その他"
"2026/4/5 19:28:56","墓石用花立て","110","ダイソー","4979909895962","その他"
"2026/4/5 19:30:47","洗水蛇口","110","ダイソー","4550480561875","その他"
"2026/4/5 19:31:32","切花長持ち液","110","ダイソー","4971902926346","その他"
"2026/4/5 19:32:27","せっけんおろし","110","ダイソー","4905","生活雑貨"