記録時間,商品名,価格,店舗名,カテゴリ,メモ
"2026/4/4 7:37:40","オリズルラン","110","ダイソー","その他",""
"2026/4/4 7:41:29","くす玉","110","ダイソー","その他",""
"2026/4/4 7:42:51","テープライトled 3m","330","ダイソー","その他",""
"2026/4/4 7:44:39","テープライト5m","550","ダイソー","その他",""
"2026/4/4 7:45:39","小型ハサミ","110","ダイソー","文具",""
"2026/4/4 7:46:48","紙せっけん","110","ダイソー","生活雑貨",""
"2026/4/4 8:42:09","インクジェット紙　厚紙(白)A4 15枚","110円","ダイソー","その他",""
"2026/4/4 10:03:38","紛失防止タグ(GPS)Apple用","1,000","ダイソー","その他",""
"2026/4/4 14:51:03","ボイスコントロールライト","330","ダイソー","その他",""
